{"xgb_weight": 0.5231798024821662, "lstm_weight": 0.4768201975178337}